Modelo,Accuracy,AUC,Precision,Recall,F1-Score,CV Mean Accuracy,CV Std Dev,Preprocesamiento
SVM (Lineal),0.5714285714285714,0.6666666666666666,0.6666666666666666,0.5,0.5714285714285714,0.5700000000000001,0.1777638883463118,Potencias
SVM (RBF),0.5714285714285714,0.625,0.5714285714285714,1.0,0.7272727272727273,0.32,0.16,Potencias
Random Forest,0.5714285714285714,0.6666666666666667,0.6,0.75,0.6666666666666666,0.38,0.09797958971132711,Potencias
Regresión Logística,0.5714285714285714,0.5833333333333334,0.6,0.75,0.6666666666666666,0.48,0.2712931993250107,Potencias
KNN,0.7142857142857143,0.5833333333333334,0.6666666666666666,1.0,0.8,0.44000000000000006,0.29393876913398137,Potencias
